arena_PK,latitude,longitude,arena,team,sponsor,sector,subsector,arenaurl,sponsorurl,imgurl
State Farm Arena-Atlanta Hawks,33.75745856,-84.3962493,State Farm Arena,Atlanta Hawks,State Farm,Insurance ,"Home, Auto, & Life",https://www.statefarmarena.com/,https://www.statefarm.com/,static/img/logos/atl.png
TD Garden-Boston Celtics,42.36637237,-71.06211381,TD Garden,Boston Celtics,TD Bank,Finance,Banking,http://www.tdgarden.com,https://www.td.com/,static/img/logos/bos.png
Barclays Center-Brooklyn Nets,40.6828126,-73.9754128,Barclays Center,Brooklyn Nets,Barclays,Finance,Banking,http://www.barclayscenter.com/,https://www.banking.barclaysus.com/index.html,static/img/logos/bkn.png
Spectrum Center-Charlotte Hornets,35.22535346,-80.83938037,Spectrum Center,Charlotte Hornets,Spectrum,Telecommunications,,http://www.spectrumcentercharlotte.com/,https://www.spectrum.com/,static/img/logos/cha.png
United Center-Chicago Bulls,41.88081859,-87.67416517,United Center,Chicago Bulls,United Airlines,Transportation ,Airline,http://www.unitedcenter.com/,https://www.united.com/,static/img/logos/chi.png
Rocket Mortgage FieldHouse-Cleveland Cavaliers,41.49667595,-81.68810032,Rocket Mortgage FieldHouse,Cleveland Cavaliers,Rocket Mortgage,Technology,Finance,http://www.rocketmortgagefieldhouse.com/,https://www.rocketmortgage.com/,static/img/logos/cle.png
American Airlines Center-Dallas Mavericks,32.79053505,-96.81027616,American Airlines Center,Dallas Mavericks,American Airlines,Transportation ,Airline,http://www.americanairlinescenter.com/,https://www.aa.com/homePage.do,static/img/logos/dal.png
Ball Arena-Denver Nuggets,39.74881321,-105.0075813,Ball Arena,Denver Nuggets,Ball,Manufacturing,Packaging,https://www.ballarena.com/,https://www.ball.com/,static/img/logos/den.png
Little Caesars Arena-Detroit Pistons,42.34130876,-83.05525657,Little Caesars Arena,Detroit Pistons,Little Caesars,Retail,Food,https://www.313presents.com/venue/little-caesars-arena,https://littlecaesars.com/en-us/,static/img/logos/det.png
Chase Center-Golden State Warriors,37.76812291,-122.3877043,Chase Center,Golden State Warriors,Chase,Finance,Banking,https://www.chasecenter.com/,https://www.chase.com/,static/img/logos/gsw.png
Toyota Center-Houston Rockets,29.75096531,-95.36215415,Toyota Center,Houston Rockets,Toyota,Manufacturing,Automotive,http://www.houstontoyotacenter.com/,https://www.toyota.com/,static/img/logos/hou.png
Gainbridge Fieldhouse-Indiana Pacers,39.76422482,-86.15549379,Gainbridge Fieldhouse,Indiana Pacers,Gainbridge,Finance,Annuities,http://www.gainbridgefieldhouse.com/,https://www.gainbridge.life/,static/img/logos/ind.png
Crypto.com Arena-Los Angeles Clippers,34.04318639,-118.2671897,Crypto.com Arena,Los Angeles Clippers,Crypto.com,Technology,Cryptocurrency,https://www.cryptoarena.com/,https://crypto.com/us/,static/img/logos/lac.png
Crypto.com Arena-Los Angeles Lakers,34.04318639,-118.2671897,Crypto.com Arena,Los Angeles Lakers,Crypto.com,Technology,Cryptocurrency,https://www.cryptoarena.com/,https://crypto.com/us/,static/img/logos/lal.png
FedExForum-Memphis Grizzlies,35.13829093,-90.0505864,FedExForum,Memphis Grizzlies,FedEx,Logistics,,https://fedexforum.com/,https://www.fedex.com/en-us/home.html,static/img/logos/mem.png
FTX Arena-Miami Heat,25.78161392,-80.18697973,FTX Arena,Miami Heat,FTX,Technology,Cryptocurrency,https://www.ftxarena.com/,https://ftx.us/,static/img/logos/mia.png
Fiserv Forum-Milwaukee Bucks,43.04521347,-87.91736474,Fiserv Forum,Milwaukee Bucks,Fiserv,Technology,Finance,https://www.fiservforum.com/,https://www.fiserv.com/,static/img/logos/mil.png
Target Center-Minnesota Timberwolves,44.97963024,-93.2760196,Target Center,Minnesota Timberwolves,Target,Retail,Big Box,https://www.targetcenter.com/,https://www.target.com/,static/img/logos/min.png
Smoothie King Center-New Orleans Pelicans,29.9492303,-90.0820568,Smoothie King Center,New Orleans Pelicans,Smoothie King,Retail,Food,http://www.smoothiekingcenter.com/,https://www.smoothieking.com/,static/img/logos/nop.png
Madison Square Garden-New York Knicks,40.75067516,-73.99347089,Madison Square Garden,New York Knicks,MSG Entertainment,Entertainment,,https://www.msg.com/madison-square-garden,https://www.msgentertainment.com/,static/img/logos/nyk.png
Paycom Center-Oklahoma City Thunder,35.46365188,-97.51513526,Paycom Center,Oklahoma City Thunder,Paycom,Technology,Software,http://www.paycomcenter.com/,https://www.paycom.com/,static/img/logos/okc.png
Amway Center-Orlando Magic,28.53942874,-81.38388569,Amway Center,Orlando Magic,Amway,Retail,Multi-Level Marketing,https://www.amwaycenter.com/,https://www.amway.com/,static/img/logos/orl.png
Wells Fargo Center-Philadelphia 76ers,39.90132494,-75.17200096,Wells Fargo Center,Philadelphia 76ers,Wells Fargo,Finance,Banking,https://www.wellsfargocenterphilly.com/,https://www.wellsfargo.com/,static/img/logos/phi.png
Footprint Center-Phoenix Suns,33.44593393,-112.0712218,Footprint Center,Phoenix Suns,Footprint,Science,Materials,https://www.footprintcenter.com/,http://www.footprintus.com/,static/img/logos/phx.png
Moda Center-Portland Trail Blazers,45.53170036,-122.6668959,Moda Center,Portland Trail Blazers,Moda Health,Insurance ,Health,https://rosequarter.com/,https://www.modahealth.com/,static/img/logos/por.png
Golden 1 Center-Sacramento Kings,38.58037222,-121.4996709,Golden 1 Center,Sacramento Kings,Golden1 Credit Union,Finance,Banking,https://www.golden1center.com/,https://www.golden1.com/,static/img/logos/sac.png
AT&T Center-San Antonio Spurs,29.42718829,-98.43744374,AT&T Center,San Antonio Spurs,AT&T,Telecommunications,,http://www.attcenter.com/,https://www.att.com/,static/img/logos/sas.png
Scotiabank Arena-Toronto Raptors,43.64363688,-79.37912036,Scotiabank Arena,Toronto Raptors,Scotiabank,Finance,Banking,https://www.scotiabankarena.com/,https://www.scotiabank.com/global/en/global-site.html,static/img/logos/tor.png
Vivint Arena-Utah Jazz,40.76838996,-111.9010445,Vivint Arena,Utah Jazz,Vivint Smart Home,Technology,Home Security,https://www.vivintarena.com/,https://www.vivint.com/,static/img/logos/uta.png
Capital One Arena-Washington Wizards,38.89833448,-77.02083534,Capital One Arena,Washington Wizards,Capital One,Finance,Banking,http://www.capitalonearena.com/,https://www.capitalone.com/,static/img/logos/was.png